ts,UKXGBP,USDCAD,GRXEUR,EURUSD,BCOUSD,NZDUSD,XAGUSD,GBPUSD,USDCHF,XAUUSD,NSXUSD,EURJPY,USDJPY,AUDUSD,SPXUSD
2024-01-01,7744.813,1.32545,16785.399,1.10208,78.363,0.63032,23.915,1.27139,0.84527,2069.505,16819.719,155.994,141.537,0.68186,4774.364
2024-01-02,7694.599,1.33268,16713.849,1.09622,75.828,0.62677,23.675,1.26409,0.84921,2064.775,16518.409,155.559,141.904,0.67625,4740.397
2024-01-03,7688.399,1.33386,16515.079,1.09258,78.588,0.62642,22.952,1.26698,0.84913,2043.015,16381.899,156.865,143.565,0.6739,4707.749
2024-01-04,7688.801,1.33641,16549.089,1.09371,77.953,0.62278,23.106,1.26785,0.85071,2044.555,16280.789,158.423,144.847,0.6698,4692.569
2024-01-05,7670.977,1.3355,16583.799,1.09392,78.815,0.62412,23.182,1.27173,0.84945,2045.355,16307.219,158.248,144.603,0.67129,4698.073
2024-01-06,,,,,,,,,,,,,,,
2024-01-07,7673.417,1.33734,16581.199,1.0934,77.793,0.62335,23.008,1.27018,0.85184,2035.715,16288.909,157.958,144.462,0.66977,4693.632
2024-01-08,7712.086,1.33549,16748.069,1.09561,76.273,0.625,23.126,1.27475,0.8473,2032.795,16624.349,157.317,143.585,0.67169,4757.047
2024-01-09,7665.298,1.33817,16639.549,1.09321,77.878,0.62429,22.937,1.27022,0.85215,2029.725,16677.259,158.302,144.805,0.67022,4751.037
2024-01-10,7675.321,1.33642,16789.079,1.09777,77.123,0.62485,23.008,1.27644,0.84954,2031.995,16849.599,159.601,145.387,0.67193,4793.164
2024-01-11,7602.76,1.3379,16638.699,1.09755,78.733,0.6244,22.87,1.27718,0.85217,2034.578,16806.279,159.147,145.0,0.67031,4773.227
2024-01-12,7626.889,1.34054,16678.749,1.09483,78.327,0.62385,23.175,1.27473,0.85171,2043.815,16821.579,158.716,144.904,0.66856,4782.47
2024-01-13,,,,,,,,,,,,,,,
2024-01-14,7639.431,1.33909,16780.599,1.09628,78.453,0.62305,23.241,1.27545,0.85268,2054.235,16853.069,159.144,145.167,0.66926,4784.467
2024-01-15,7569.242,1.34687,16543.599,1.09175,78.248,0.61644,23.129,1.268,0.85815,2049.325,16757.097,159.517,146.111,0.66142,4766.461
2024-01-16,7505.316,1.34962,16481.077,1.08709,77.718,0.61322,22.848,1.26234,0.86191,2025.355,16785.298,160.184,147.349,0.65705,4757.044
2024-01-17,7431.292,1.34937,16411.099,1.08941,78.113,0.61201,22.588,1.26822,0.86453,2008.035,16723.299,161.151,147.929,0.65568,4735.132
2024-01-18,7475.898,1.34881,16606.599,1.08864,78.988,0.60982,22.674,1.27066,0.86832,2020.995,17041.52,161.508,148.357,0.65772,4783.566
2024-01-19,7484.213,1.34265,16627.755,1.0896,78.672,0.61105,22.598,1.2702,0.86764,2029.375,17328.064,161.443,148.04,0.65935,4840.567
2024-01-20,,,,,,,,,,,,,,,
2024-01-21,7491.097,1.34363,16690.055,1.09028,78.208,0.61148,22.502,1.27167,0.86807,2025.405,17424.521,161.187,147.839,0.65937,4851.467
2024-01-22,7494.19,1.34641,16681.055,1.08983,79.883,0.60999,22.282,1.27277,0.86662,2027.508,17344.709,161.235,147.944,0.66,4851.134
2024-01-23,7504.694,1.34701,16726.099,1.08645,79.418,0.61015,22.38,1.27023,0.86924,2024.405,17470.319,160.664,147.88,0.6574,4875.264
2024-01-24,7506.167,1.35172,16851.099,1.08754,80.258,0.61056,22.722,1.27097,0.8646,2015.665,17490.109,160.706,147.771,0.65743,4869.882
2024-01-25,7556.456,1.3471,16862.077,1.08395,81.503,0.61048,22.894,1.27031,0.86713,2021.115,17374.064,160.199,147.79,0.65866,4874.421
2024-01-26,7645.986,1.34485,16934.255,1.08504,83.02,0.60896,22.778,1.27025,0.86364,2017.915,17395.386,160.782,148.149,0.65718,4887.582
2024-01-27,,,,,,,,,,,,,,,
2024-01-28,7634.025,1.34483,16899.566,1.08448,83.433,0.60965,22.917,1.27061,0.86328,2026.185,17418.153,160.571,148.064,0.65893,4884.927
2024-01-29,7673.631,1.34086,16993.555,1.08253,82.073,0.61368,23.13,1.27044,0.86153,2031.705,17600.008,159.521,147.361,0.66073,4926.222
2024-01-30,7673.328,1.34164,16968.099,1.08205,82.253,0.61171,23.076,1.26805,0.86274,2034.475,17341.689,159.722,147.609,0.65724,4906.757
2024-01-31,7620.45,1.34347,16860.566,1.08076,80.833,0.61223,22.986,1.26802,0.8631,2045.634,17218.798,158.647,146.791,0.65525,4861.582
2024-02-01,7678.877,1.33749,16981.599,1.0873,79.108,0.61507,23.156,1.27466,0.85728,2054.965,17511.175,159.201,146.419,0.65959,4932.462
2024-02-02,7634.413,1.34589,16933.397,1.07849,77.457,0.60642,22.673,1.26284,0.8665,2039.275,17631.519,160.027,148.308,0.65099,4956.311
2024-02-03,,,,,,,,,,,,,,,
2024-02-04,7623.969,1.34742,16867.555,1.07788,77.663,0.60709,22.537,1.26078,0.86765,2031.825,17593.932,159.987,148.433,0.65069,4945.379
2024-02-05,7632.457,1.35145,16939.955,1.07489,78.163,0.6071,22.356,1.25519,0.86978,2026.245,17649.275,159.587,148.466,0.65133,4945.994
2024-02-06,7697.401,1.34854,17031.499,1.0759,78.668,0.60996,22.338,1.26037,0.8697,2035.145,17571.576,159.199,147.971,0.65276,4954.87
2024-02-07,7635.71,1.34547,16943.199,1.07799,79.493,0.61113,22.239,1.26284,0.87319,2032.125,17765.699,160.07,148.483,0.6522,4995.251
2024-02-08,7603.633,1.34643,16943.599,1.07711,81.443,0.61191,22.607,1.26157,0.87441,2032.655,17781.942,160.943,149.416,0.64908,4995.954
2024-02-09,7592.798,1.34568,16957.277,1.07821,81.927,0.61441,22.591,1.26247,0.8746,2024.155,17947.709,160.954,149.256,0.65213,5024.332
2024-02-10,,,,,,,,,,,,,,,
2024-02-11,7586.499,1.34616,16955.555,1.07904,81.787,0.61281,22.694,1.26281,0.87468,2023.075,17937.519,161.018,149.222,0.65165,5023.123
2024-02-12,7574.389,1.34601,16985.199,1.07637,82.042,0.60981,22.703,1.26116,0.87646,2018.895,17852.199,160.971,149.552,0.65144,5014.436
2024-02-13,7493.136,1.35578,16827.088,1.07143,82.653,0.60726,22.026,1.2604,0.88616,1992.285,17610.098,161.187,150.441,0.64625,4953.724
2024-02-14,7568.174,1.35441,16987.555,1.07259,81.153,0.60822,22.405,1.25637,0.8853,1991.945,17805.608,161.043,150.143,0.64841,5002.117
2024-02-15,7643.383,1.34839,17094.555,1.07593,82.748,0.60978,22.948,1.25818,0.88117,2003.555,17872.197,161.657,150.251,0.65166,5028.011
2024-02-16,7698.201,1.34817,17072.777,1.07749,83.252,0.61223,23.398,1.25978,0.8799,2013.055,17659.489,161.86,150.181,0.65279,5000.064
2024-02-17,,,,,,,,,,,,,,,
2024-02-18,7694.392,1.34802,17078.088,1.07778,82.823,0.61397,23.094,1.26155,0.88118,2018.985,17717.987,161.691,150.025,0.65417,5008.62
2024-02-19,7721.899,1.35065,17031.466,1.07689,83.438,0.61392,22.96,1.25857,0.88264,2019.405,17621.809,161.891,150.332,0.65299,4989.62
2024-02-20,7721.816,1.35102,17063.466,1.08141,82.628,0.61874,23.147,1.2632,0.88094,2030.765,17495.019,162.23,150.003,0.6567,4969.707
2024-02-21,7669.999,1.34835,17207.488,1.08303,83.213,0.61927,22.966,1.26398,0.87835,2028.745,17742.198,162.772,150.287,0.65578,5021.081
2024-02-22,7683.401,1.34782,17402.977,1.08254,83.298,0.62018,22.771,1.26646,0.88042,2025.995,17999.143,162.953,150.529,0.65717,5090.239
2024-02-23,7711.904,1.3502,17411.299,1.08174,81.665,0.6196,22.938,1.26683,0.88054,2035.215,17911.521,162.826,150.473,0.65619,5085.383
2024-02-24,,,,,,,,,,,,,,,
2024-02-25,7692.914,1.35097,17370.966,1.08211,81.313,0.61697,22.827,1.26656,0.88111,2032.155,17900.576,162.857,150.5,0.65559,5080.982
2024-02-26,7674.898,1.35022,17399.699,1.08534,81.613,0.61613,22.532,1.26846,0.87958,2033.675,17910.042,163.293,150.455,0.65433,5067.403
2024-02-27,7685.386,1.35442,17575.699,1.08323,82.313,0.61119,22.405,1.26659,0.88001,2030.118,17955.631,163.157,150.621,0.65178,5076.744
2024-02-28,7636.799,1.35705,17625.699,1.08363,82.073,0.61033,22.497,1.26672,0.87858,2035.048,17884.921,162.349,149.823,0.65178,5075.714
2024-02-29,7689.877,1.35699,17781.699,1.08135,82.173,0.60913,22.725,1.2628,0.88437,2045.425,18078.943,162.617,150.383,0.65078,5100.75
2024-03-01,7686.508,1.3558,17747.255,1.08368,83.342,0.61046,23.106,1.2653,0.88292,2082.395,18287.009,162.711,150.064,0.65251,5132.176
2024-03-02,,,,,,,,,,,,,,,
2024-03-03,7670.886,1.35611,17754.555,1.08436,83.588,0.60965,23.028,1.26631,0.88327,2080.715,18311.699,162.929,150.253,0.65194,5132.223
2024-03-04,7626.895,1.35826,17676.566,1.08505,82.593,0.60871,23.723,1.2684,0.8854,2115.815,18175.199,163.333,150.529,0.65011,5122.407
2024-03-05,7648.389,1.35849,17720.599,1.08516,82.183,0.60905,23.614,1.27015,0.88438,2126.115,17951.476,162.708,149.939,0.65137,5083.323
2024-03-06,7658.683,1.35068,17714.299,1.09035,82.873,0.61476,24.183,1.27393,0.88093,2158.115,17948.864,161.971,148.55,0.65843,5096.052
2024-03-07,7708.683,1.34492,17891.766,1.09456,83.393,0.61722,24.324,1.28071,0.87744,2157.625,18261.265,161.833,147.853,0.66246,5158.052
2024-03-08,7651.674,1.34811,17754.975,1.09348,81.887,0.61749,24.305,1.28548,0.8764,2178.965,18043.165,160.843,147.03,0.66218,5128.679
2024-03-09,,,,,,,,,,,,,,,
2024-03-10,7627.398,1.34862,17711.799,1.09386,81.493,0.61727,24.274,1.28509,0.8777,2180.585,17967.986,160.692,146.903,0.66102,5113.461
2024-03-11,7722.892,1.34745,17838.266,1.09368,82.403,0.61704,24.466,1.2819,0.87706,2178.085,18053.221,161.189,147.382,0.66141,5136.624
2024-03-12,7755.198,1.34944,17973.266,1.09234,82.393,0.61613,24.098,1.27903,0.87776,2159.255,18206.909,161.195,147.571,0.66129,5174.187
2024-03-13,7768.395,1.34752,17955.799,1.09424,84.093,0.61595,24.958,1.27914,0.87929,2171.635,18126.154,161.849,147.912,0.66148,5172.417
2024-03-14,7734.087,1.35373,17912.077,1.08763,85.198,0.61021,24.991,1.27386,0.88471,2164.365,17975.498,161.304,148.311,0.65656,5147.463
2024-03-15,7737.701,1.3537,17983.766,1.08869,85.278,0.60824,25.173,1.27313,0.88336,2155.625,17826.465,162.276,148.982,0.65569,5119.017
2024-03-16,,,,,,,,,,,,,,,
2024-03-17,7735.401,1.35365,17991.199,1.08875,85.617,0.6093,24.99,1.27312,0.88349,2147.255,17891.176,162.35,149.112,0.65654,5130.761
2024-03-18,7700.616,1.35496,17907.055,1.08706,86.733,0.60619,25.105,1.27175,0.88831,2160.165,17940.743,163.037,149.965,0.65279,5145.929
2024-03-19,7728.198,1.35779,17969.655,1.08665,87.177,0.60395,24.869,1.27185,0.88919,2156.785,17986.51,164.611,151.485,0.65251,5171.032
2024-03-20,7800.144,1.34654,18198.177,1.09331,86.553,0.60937,25.62,1.27892,0.88529,2203.185,18357.01,164.829,150.762,0.66231,5247.264
2024-03-21,7877.422,1.35601,18158.566,1.08332,85.148,0.60114,24.528,1.26416,0.89906,2173.505,18334.82,164.214,151.583,0.65237,5244.677
2024-03-22,7926.728,1.35991,18225.266,1.08065,85.553,0.59914,24.658,1.25984,0.89699,2165.055,18324.689,163.643,151.431,0.65128,5230.332
2024-03-23,,,,,,,,,,,,,,,
2024-03-24,7925.545,1.35991,18230.699,1.08131,85.903,0.59972,24.679,1.26052,0.89767,2169.345,18330.989,163.669,151.365,0.65263,5229.623
2024-03-25,7892.66,1.35827,18277.099,1.08401,86.148,0.60047,24.645,1.26417,0.90041,2172.215,18303.619,164.076,151.359,0.65377,5225.021
2024-03-26,7932.425,1.359,18402.566,1.08298,84.963,0.59991,24.449,1.26171,0.90384,2178.285,18287.531,164.163,151.688,0.65286,5226.376
2024-03-27,7956.882,1.35754,18525.077,1.08234,85.693,0.59914,24.678,1.26306,0.90487,2195.565,18285.143,163.766,151.354,0.65307,5247.536
2024-03-28,7964.59,1.35515,18510.177,1.07766,86.928,0.5971,24.951,1.26224,0.90201,2232.698,18251.664,163.009,151.284,0.65098,5249.332
2024-03-29,,1.35333,,1.07898,,0.59774,,1.26158,0.90051,,,163.221,151.307,0.65076,
2024-03-30,,,,,,,,,,,,,,,
2024-03-31,7996.899,1.35244,18611.699,1.07903,87.293,0.5983,25.243,1.26339,0.90158,2264.325,18366.098,163.306,151.346,0.65257,5271.814
2024-04-01,7968.751,1.35796,18509.577,1.073,87.793,0.59462,25.25,1.25413,0.90628,2251.485,18268.598,162.836,151.76,0.64873,5234.62
2024-04-02,7909.398,1.3563,18267.599,1.07772,88.968,0.59697,26.379,1.25786,0.9081,2284.985,18104.065,163.34,151.561,0.65191,5201.997
2024-04-03,7940.174,1.35149,18374.599,1.08425,89.563,0.60254,27.092,1.26521,0.90327,2299.015,18249.419,164.448,151.671,0.65806,5228.559
2024-04-04,7865.71,1.35703,18168.099,1.08267,90.998,0.60129,26.493,1.26253,0.90232,2276.595,17916.589,163.763,151.261,0.65703,5156.176
2024-04-05,7918.483,1.35882,18181.788,1.08352,90.892,0.60113,27.473,1.26361,0.90124,2328.195,18087.654,164.291,151.617,0.65773,5200.076
2024-04-06,,,,,,,,,,,,,,,
2024-04-07,7907.701,1.36015,18165.555,1.08333,89.703,0.60076,27.876,1.26302,0.90365,2345.425,18087.899,164.415,151.767,0.65749,5196.611
2024-04-08,7939.999,1.35826,18285.077,1.08553,90.548,0.60363,27.782,1.26543,0.9049,2343.855,18110.042,164.844,151.855,0.66011,5205.134
2024-04-09,7972.674,1.35692,18154.077,1.08529,89.413,0.60736,28.091,1.26759,0.9037,2351.225,18188.521,164.696,151.754,0.66221,5215.009
2024-04-10,7965.601,1.36794,18095.088,1.07446,90.713,0.59818,27.979,1.25451,0.91273,2343.825,18020.264,164.334,152.946,0.65168,5161.011
2024-04-11,7948.683,1.37008,18041.099,1.0717,90.243,0.59968,28.763,1.25447,0.91083,2384.105,18307.519,164.189,153.204,0.6528,5198.961
2024-04-12,7931.21,1.37715,17849.755,1.06385,90.177,0.59332,27.845,1.24482,0.91359,2343.285,18018.243,163.085,153.24,0.64602,5126.823
2024-04-13,,,,,,,,,,,,,,,
2024-04-14,7951.716,1.37576,17914.066,1.06519,90.243,0.59512,28.219,1.24605,0.91402,2358.475,18060.498,163.692,153.671,0.6484,5137.614
2024-04-15,7860.392,1.38027,17790.577,1.06113,90.548,0.58799,28.823,1.24281,0.91313,2387.818,17675.476,163.786,154.352,0.64178,5051.126
2024-04-16,7841.284,1.38193,17780.577,1.06271,89.493,0.5905,28.133,1.243,0.91233,2381.605,17764.197,164.346,154.648,0.64154,5063.123
2024-04-17,7882.502,1.37497,17800.288,1.06799,87.573,0.59253,28.393,1.24691,0.90965,2374.735,17573.599,164.72,154.236,0.6454,5037.632
2024-04-18,7794.857,1.3778,17533.266,1.06371,89.253,0.58778,28.351,1.24171,0.9074,2391.235,17189.62,164.141,154.309,0.639,4963.274
2024-04-19,7930.228,1.37478,17715.755,1.06526,87.172,0.58862,28.667,1.23695,0.90951,2390.295,17033.586,164.766,154.562,0.64158,4965.579
2024-04-20,,,,,,,,,,,,,,,
2024-04-21,7952.006,1.37267,17777.577,1.06617,86.593,0.59129,28.0,1.23814,0.91165,2369.285,17095.675,164.919,154.686,0.64369,4977.49
2024-04-22,8070.848,1.36998,17971.066,1.06561,87.298,0.59173,26.928,1.23524,0.91202,2302.465,17189.775,164.902,154.751,0.64579,5010.637
2024-04-23,8084.311,1.36625,18216.577,1.07062,88.453,0.59415,27.434,1.2456,0.91176,2327.815,17594.076,165.78,154.846,0.6517,5088.927
2024-04-24,8033.491,1.36936,18039.088,1.07058,88.098,0.59388,27.084,1.24631,0.91469,2313.075,17326.953,166.438,155.461,0.65027,5040.367
2024-04-25,8131.213,1.36561,17995.055,1.07231,87.998,0.5956,27.474,1.24994,0.91312,2334.565,17640.787,167.206,155.942,0.65225,5092.073
2024-04-26,8152.134,1.36698,18173.255,1.06911,88.05,0.59384,27.196,1.24908,0.91387,2337.245,17706.121,169.237,158.291,0.65319,5098.076
2024-04-27,,,,,,,,,,,,,,,
2024-04-28,8184.907,1.36489,18212.199,1.07162,87.493,0.5962,27.238,1.25222,0.91293,2328.338,17772.253,170.788,159.396,0.65646,5111.876
2024-04-29,8151.892,1.36798,18120.055,1.07054,87.128,0.59491,26.94,1.25457,0.91172,2329.054,17786.398,167.689,156.734,0.65334,5111.779
2024-04-30,8144.883,1.37795,17886.288,1.06564,85.583,0.58849,26.38,1.24731,0.92038,2284.075,17405.642,168.307,157.914,0.64674,5034.739
2024-05-01,8148.003,1.37256,17917.099,1.07146,83.903,0.59251,26.553,1.253,0.91668,2319.395,17436.621,167.097,155.943,0.65292,5044.64
2024-05-02,8191.907,1.36631,17956.099,1.07348,83.927,0.59688,26.63,1.25522,0.90943,2302.345,17655.909,164.251,153.006,0.65748,5079.876
2024-05-03,8234.093,1.36839,18021.277,1.07594,82.812,0.60097,26.539,1.25446,0.90475,2301.175,17914.876,164.666,153.008,0.66081,5134.426
2024-05-04,,,,,,,,,,,,,,,
2024-05-05,8239.489,1.36839,18053.066,1.07648,83.193,0.60003,26.886,1.2547,0.90586,2309.215,17895.621,165.689,153.918,0.66148,5133.082
2024-05-06,8306.707,1.36707,18229.077,1.07687,83.548,0.60141,27.388,1.2557,0.90711,2324.775,18081.221,166.429,154.55,0.66288,5181.992
2024-05-07,8333.399,1.37527,18426.588,1.07411,82.803,0.59895,27.339,1.24865,0.90907,2316.925,18087.653,166.658,155.162,0.65726,5186.259
2024-05-08,8367.69,1.37231,18506.599,1.07476,83.928,0.60059,27.469,1.24961,0.90832,2312.235,18059.075,167.177,155.552,0.6583,5183.433
2024-05-09,8419.91,1.36874,18723.699,1.0776,84.343,0.60208,28.359,1.25168,0.90655,2353.255,18118.12,167.815,155.731,0.66058,5216.326
2024-05-10,8421.395,1.36704,18769.777,1.07694,82.727,0.60185,28.146,1.25239,0.9064,2360.175,18151.499,167.753,155.761,0.66008,5219.756
2024-05-11,,,,,,,,,,,,,,,
2024-05-12,8424.961,1.36813,18782.077,1.07716,82.517,0.60094,28.098,1.25269,0.90659,2356.958,18181.22,167.777,155.759,0.65985,5226.232
2024-05-13,8393.692,1.36791,18718.599,1.07876,83.443,0.60157,28.398,1.25591,0.90863,2343.008,18171.308,168.728,156.411,0.66009,5217.462
2024-05-14,8475.686,1.36381,18788.555,1.08261,82.918,0.60566,28.578,1.25979,0.90583,2360.238,18325.576,169.314,156.395,0.66469,5250.6
2024-05-15,8450.883,1.36019,18906.088,1.08872,83.078,0.61271,29.527,1.26916,0.90034,2388.595,18637.821,167.629,153.97,0.66918,5319.12
2024-05-16,8415.416,1.36256,18672.566,1.0859,83.463,0.6111,29.51,1.26577,0.90703,2377.755,18556.854,169.175,155.792,0.66629,5295.502
2024-05-17,8430.499,1.36109,18719.577,1.08674,83.932,0.61334,31.503,1.26999,0.90888,2414.525,18536.143,169.139,155.603,0.66922,5302.814
2024-05-18,,,,,,,,,,,,,,,
2024-05-19,8432.307,1.36068,18770.866,1.08779,84.103,0.61277,32.318,1.27042,0.90929,2437.518,18582.297,169.391,155.721,0.67012,5311.367
2024-05-20,8365.142,1.36385,18713.599,1.08559,83.263,0.60966,31.391,1.2706,0.91095,2413.665,18663.298,169.865,156.475,0.66558,5309.621
2024-05-21,8431.78,1.36404,18740.055,1.08556,82.288,0.61244,31.674,1.27125,0.91128,2413.904,18723.832,169.684,156.31,0.66667,5323.064
2024-05-22,8377.195,1.36793,18726.088,1.08303,81.523,0.61196,30.522,1.27287,0.91441,2372.365,18883.186,169.774,156.758,0.66304,5342.773
2024-05-23,8278.383,1.37375,18605.099,1.08063,81.367,0.60943,30.224,1.26882,0.91533,2330.495,18639.897,169.715,157.054,0.65954,5275.43
2024-05-24,8315.892,1.36635,18697.299,1.0846,82.117,0.61202,30.336,1.27358,0.91462,2333.405,18799.019,170.243,156.943,0.66272,5303.311
2024-05-25,,,,,,,,,,,,,,,
2024-05-26,8305.277,1.36658,18673.066,1.0849,82.272,0.61289,30.814,1.27418,0.91422,2345.905,18779.598,170.008,156.703,0.66342,5299.364
2024-05-27,8332.913,1.36157,18799.099,1.08784,83.283,0.61615,31.742,1.27808,0.91191,2350.788,18858.564,170.417,156.657,0.6672,5312.367
2024-05-28,8229.889,1.36626,18632.066,1.08471,84.382,0.61344,32.089,1.27505,0.91254,2358.045,18819.176,170.636,157.313,0.66516,5290.347
2024-05-29,8154.88,1.37228,18425.099,1.07979,83.378,0.61035,31.592,1.26948,0.91332,2334.268,18623.487,169.932,157.377,0.66086,5243.027
2024-05-30,8233.377,1.36741,18477.055,1.08191,81.658,0.61263,30.948,1.27227,0.90383,2343.595,18498.321,169.647,156.804,0.66357,5231.117
2024-05-31,8309.386,1.36266,18587.777,1.0845,81.277,0.61425,30.385,1.27404,0.90193,2326.995,18525.898,170.623,157.279,0.66513,5282.434
2024-06-01,,,,,,,,,,,,,,,
2024-06-02,8341.18,1.36282,18654.599,1.08497,81.018,0.61437,30.15,1.27389,0.90159,2321.285,18589.254,170.794,157.419,0.66465,5293.379
2024-06-03,8259.407,1.3637,18569.088,1.09074,77.753,0.61878,30.556,1.28094,0.89578,2345.578,18607.165,170.577,156.385,0.66802,5285.37
2024-06-04,8281.177,1.36727,18497.566,1.08784,77.478,0.61851,29.684,1.27711,0.89093,2337.048,18709.408,169.147,155.485,0.66586,5300.291
2024-06-05,8269.401,1.3677,18647.066,1.08906,78.663,0.62001,30.409,1.27983,0.89061,2368.328,19053.789,169.421,155.569,0.66646,5357.689
2024-06-06,8292.907,1.36675,18627.599,1.08945,80.023,0.6197,31.317,1.27885,0.89027,2380.085,19045.875,169.685,155.752,0.66703,5356.677
2024-06-07,8221.701,1.37631,18545.077,1.08017,79.452,0.61015,29.161,1.27198,0.89593,2293.415,18987.775,169.32,156.7,0.65788,5341.969
2024-06-08,,,,,,,,,,,,,,,
2024-06-09,8191.88,1.37707,18510.899,1.07555,79.848,0.61027,29.381,1.27138,0.89755,2295.178,19005.421,169.022,157.151,0.65873,5345.523
2024-06-10,8222.88,1.37662,18500.055,1.07685,81.433,0.61198,29.218,1.27357,0.89662,2303.528,19055.942,169.299,157.217,0.65966,5356.781
2024-06-11,8173.189,1.37495,18420.088,1.07402,82.258,0.61445,29.435,1.27425,0.89771,2313.915,19234.097,168.816,157.181,0.66163,5378.63
2024-06-12,8201.41,1.37396,18612.566,1.08068,82.323,0.61755,29.155,1.27846,0.89496,2314.138,19606.631,169.673,157.005,0.66551,5433.744
2024-06-13,8182.901,1.37413,18315.099,1.07401,82.378,0.61517,28.978,1.27524,0.89417,2305.358,19616.719,169.499,157.819,0.66299,5436.114
2024-06-14,8173.713,1.37301,18000.277,1.07025,82.567,0.61405,29.54,1.26828,0.88962,2332.184,19665.61,168.475,157.36,0.66135,5429.311
2024-06-15,,,,,,,,,,,,,,,
2024-06-16,8194.88,1.37427,18062.699,1.07036,82.317,0.61269,29.219,1.2682,0.89046,2324.268,19681.409,168.435,157.365,0.66035,5430.37
2024-06-17,8170.898,1.37372,18140.055,1.07246,84.053,0.61188,29.486,1.26971,0.88945,2324.348,19895.008,169.062,157.638,0.66073,5473.897
2024-06-18,8179.683,1.37196,18129.497,1.07377,85.318,0.61333,29.415,1.27078,0.88428,2328.145,19930.465,169.5,157.855,0.66605,5488.969
2024-06-19,8214.18,1.3711,18128.955,1.07419,85.053,0.61337,30.185,1.27148,0.88384,2333.805,20002.864,169.804,158.078,0.6674,5498.861
2024-06-20,8277.71,1.36809,18233.066,1.07162,85.543,0.61245,30.606,1.26605,0.8913,2362.018,19782.243,170.266,158.886,0.66661,5476.314
2024-06-21,8229.913,1.36941,18181.399,1.06918,85.042,0.61176,29.526,1.26424,0.89391,2321.755,19731.721,170.835,159.765,0.66398,5469.823
2024-06-22,,,,,,,,,,,,,,,
2024-06-23,8207.904,1.36962,18149.055,1.06916,85.168,0.61105,29.525,1.26416,0.89339,2325.335,19687.175,170.744,159.699,0.66334,5458.626
2024-06-24,8310.674,1.36407,18229.088,1.07385,85.988,0.61221,29.438,1.2696,0.89191,2323.985,19525.821,171.258,159.482,0.66603,5456.46
2024-06-25,8260.392,1.36569,18218.588,1.0711,84.573,0.61134,28.914,1.26866,0.89501,2317.125,19727.108,171.196,159.833,0.66718,5473.789
2024-06-26,8210.413,1.36991,18119.655,1.06908,84.248,0.60843,28.763,1.263,0.89694,2298.858,19651.521,171.509,160.429,0.66609,5457.607
2024-06-27,8203.904,1.37228,18252.799,1.06921,85.643,0.60654,29.068,1.26294,0.89928,2321.638,19878.575,172.125,160.987,0.66262,5500.146
2024-06-28,8177.677,1.36781,18246.299,1.07119,84.862,0.60905,29.122,1.26427,0.89854,2326.275,19712.154,172.308,160.802,0.66676,5470.314
2024-06-29,,,,,,,,,,,,,,,
2024-06-30,8188.677,1.36746,18355.066,1.07528,85.383,0.60989,29.093,1.26557,0.89969,2324.608,19751.743,173.171,161.05,0.66671,5474.976
2024-07-01,8145.401,1.37524,18272.066,1.07322,86.783,0.60536,29.283,1.26338,0.90384,2325.888,19740.154,173.496,161.659,0.66419,5462.046
2024-07-02,8149.392,1.3677,18208.099,1.07435,86.673,0.60805,29.625,1.26861,0.90412,2331.598,19993.332,173.645,161.629,0.66767,5502.943
2024-07-03,8175.998,1.36375,18395.577,1.07852,86.813,0.61084,30.371,1.27414,0.90099,2357.965,20164.975,174.211,161.53,0.6712,5532.432
2024-07-04,8252.883,1.36068,18444.688,1.08218,87.108,0.61224,30.537,1.27711,0.89845,2361.655,20180.909,173.812,160.614,0.67365,5536.876
2024-07-05,8209.174,1.36408,18505.753,1.0837,86.972,0.61439,31.21,1.28114,0.89557,2390.705,20378.386,174.247,160.719,0.67471,5563.561
2024-07-06,,,,,,,,,,,,,,,
2024-07-07,8204.407,1.36347,18497.566,1.08314,86.408,0.61494,31.053,1.28142,0.89529,2382.805,20363.986,173.828,160.486,0.67544,5558.62
2024-07-08,8204.701,1.36365,18448.066,1.08281,85.493,0.61198,30.971,1.28046,0.89836,2367.548,20508.198,174.383,161.05,0.67355,5583.643
2024-07-09,8158.613,1.36299,18253.066,1.08199,84.443,0.60936,30.811,1.27921,0.89731,2368.065,20484.586,174.668,161.43,0.67445,5580.187
2024-07-10,8218.413,1.36163,18460.099,1.08379,85.723,0.60976,31.005,1.28604,0.89909,2378.648,20657.586,175.186,161.634,0.67606,5630.591
2024-07-11,8238.586,1.36199,18542.055,1.08687,85.583,0.6098,31.183,1.29077,0.89662,2408.658,20211.865,173.071,159.231,0.67667,5588.382
2024-07-12,8236.595,1.36302,18709.399,1.09054,84.997,0.61179,30.775,1.29845,0.89422,2410.534,20329.743,172.106,157.7,0.67823,5616.832
2024-07-13,,,,,,,,,,,,,,,
2024-07-14,8235.107,1.36501,18699.088,1.0894,85.153,0.60979,30.924,1.29739,0.8957,2411.508,20366.554,172.089,157.97,0.6776,5623.129
2024-07-15,8165.91,1.36814,18581.466,1.0893,84.613,0.60581,30.809,1.29635,0.8957,2428.518,20444.399,172.798,158.632,0.67475,5641.146
2024-07-16,8198.098,1.36721,18560.588,1.09061,83.703,0.6067,31.079,1.29751,0.89383,2471.615,20333.243,172.725,158.376,0.67374,5658.217
2024-07-17,8239.601,1.36816,18465.055,1.09328,85.403,0.60705,30.402,1.3002,0.88461,2467.928,19857.053,171.026,156.435,0.67364,5600.756
2024-07-18,8177.386,1.37061,18345.577,1.08883,84.723,0.60277,29.656,1.29402,0.88888,2428.578,19773.054,171.353,157.374,0.67003,5557.026
2024-07-19,8165.99,1.37255,18152.187,1.08779,82.572,0.60086,29.212,1.291,0.88885,2400.485,19517.601,171.426,157.475,0.66834,5501.57
2024-07-20,,,,,,,,,,,,,,,
2024-07-21,8175.41,1.3729,18214.077,1.08915,83.158,0.59986,29.132,1.29225,0.88835,2406.628,19599.219,171.519,157.48,0.66705,5516.861
2024-07-22,8183.598,1.37607,18457.088,1.08941,82.418,0.59687,29.018,1.29302,0.88901,2398.185,19755.797,170.252,156.279,0.66376,5554.15
2024-07-23,8147.401,1.3796,18492.077,1.0845,81.303,0.59292,29.296,1.28887,0.89168,2416.375,19626.676,168.155,155.055,0.65941,5531.859
2024-07-24,8134.901,1.38132,18331.055,1.08427,81.073,0.59179,27.9,1.28929,0.88279,2374.598,19105.065,165.154,152.317,0.65519,5441.649
2024-07-25,8216.71,1.38169,18287.199,1.08583,82.508,0.58856,27.777,1.28639,0.88077,2371.605,18918.097,166.947,153.753,0.65509,5421.751
2024-07-26,8309.799,1.3834,18463.266,1.08547,80.675,0.58872,27.897,1.28642,0.88339,2386.765,19026.265,166.88,153.718,0.65462,5461.561
2024-07-27,,,,,,,,,,,,,,,
2024-07-28,8320.413,1.38189,18499.199,1.08622,80.548,0.58976,28.085,1.28806,0.8827,2394.445,19153.143,166.749,153.511,0.65641,5484.873
2024-07-29,8277.702,1.38469,18308.455,1.08221,78.613,0.58865,27.83,1.2855,0.88627,2385.638,18981.508,166.734,154.069,0.65534,5451.664
2024-07-30,8305.641,1.38448,18443.399,1.0822,79.133,0.59031,28.586,1.28402,0.88225,2416.325,18992.31,166.21,153.57,0.64976,5459.729
2024-07-31,8376.445,1.3807,18513.399,1.08328,81.328,0.59504,28.887,1.28524,0.87707,2442.598,19540.389,162.017,149.56,0.65269,5555.733
2024-08-01,8290.386,1.38631,17999.199,1.0793,80.118,0.59456,28.775,1.27202,0.87237,2454.375,18659.776,161.343,149.491,0.65067,5409.817
2024-08-02,8218.487,1.38728,17716.277,1.09098,77.38,0.59557,28.562,1.28033,0.85779,2443.055,18430.343,159.865,146.498,0.65093,5340.826
2024-08-03,,,,,,,,,,,,,,,
2024-08-04,8142.499,1.38692,17538.599,1.09305,77.028,0.59514,28.581,1.28,0.85207,2450.835,17905.853,157.788,144.361,0.6501,5260.867
2024-08-05,8070.695,1.38135,17501.199,1.0954,77.218,0.5945,27.235,1.27788,0.85572,2408.895,18277.197,159.212,145.35,0.65088,5267.676
2024-08-06,8118.377,1.37681,17534.755,1.09157,76.558,0.60113,27.097,1.27137,0.85786,2385.785,18275.508,160.599,147.131,0.65615,5281.037
2024-08-07,8108.599,1.37272,17476.199,1.09348,78.593,0.60042,26.92,1.2699,0.85986,2394.175,17914.909,160.071,146.376,0.65598,5203.252
2024-08-08,8167.586,1.3723,17734.199,1.09228,79.258,0.60325,27.638,1.27581,0.86619,2420.908,18463.342,160.816,147.225,0.6601,5329.676
2024-08-09,8190.086,1.37286,17773.766,1.09167,79.65,0.59966,27.437,1.27578,0.86492,2430.925,18510.232,160.057,146.634,0.65712,5342.467
2024-08-10,,,,,,,,,,,,,,,
2024-08-11,8206.295,1.37355,17807.699,1.0914,79.738,0.60105,27.371,1.27581,0.86629,2428.445,18534.942,160.652,147.196,0.6583,5342.74
2024-08-12,8230.216,1.37392,17725.699,1.09369,81.628,0.60285,27.702,1.27736,0.86581,2463.318,18572.609,161.296,147.48,0.65921,5350.287
2024-08-13,8262.213,1.3717,17840.066,1.099,81.188,0.60129,27.696,1.28559,0.86501,2460.765,19010.099,161.305,146.776,0.66234,5433.203
2024-08-14,8299.577,1.37142,17954.699,1.1008,79.943,0.60029,27.705,1.28332,0.86589,2453.565,19115.832,162.261,147.402,0.66186,5464.96
2024-08-15,8339.604,1.3727,18215.066,1.0977,80.798,0.60079,28.142,1.28674,0.87145,2452.308,19536.243,163.484,148.931,0.66229,5552.526
2024-08-16,8297.383,1.36759,18319.777,1.10211,79.615,0.60511,29.019,1.29417,0.8658,2506.844,19523.499,162.764,147.587,0.66672,5557.116
2024-08-17,,,,,,,,,,,,,,,
2024-08-18,8309.437,1.36647,18322.555,1.10389,79.558,0.60785,28.996,1.29539,0.86444,2503.155,19552.397,161.674,146.458,0.66896,5563.61
2024-08-19,8331.898,1.36398,18419.099,1.10755,77.013,0.6114,29.308,1.29784,0.86209,2501.665,19782.997,162.884,147.066,0.67174,5606.007
2024-08-20,8270.37,1.36157,18366.588,1.1121,77.063,0.61476,29.524,1.30267,0.85416,2517.275,19740.375,161.781,145.474,0.67445,5603.226
2024-08-21,8264.183,1.35871,18438.555,1.11446,76.023,0.61495,29.431,1.30861,0.85126,2502.268,19793.808,161.888,145.264,0.67321,5611.217
2024-08-22,8307.913,1.35951,18488.588,1.11247,77.243,0.61495,29.18,1.31025,0.8515,2493.075,19588.232,162.051,145.667,0.67169,5590.381
2024-08-23,8334.404,1.35067,18624.277,1.1191,79.035,0.62319,29.817,1.32086,0.84763,2512.235,19706.098,161.577,144.352,0.67957,5630.627
2024-08-24,,,,,,,,,,,,,,,
2024-08-25,8312.886,1.35118,18575.599,1.11834,79.538,0.62155,29.676,1.32024,0.84724,2509.745,19688.899,161.003,143.968,0.67786,5627.117
2024-08-26,8362.889,1.3478,18644.566,1.11667,80.103,0.62157,29.892,1.31905,0.84739,2508.955,19524.021,161.727,144.831,0.67834,5615.412
2024-08-27,8362.799,1.34486,18696.555,1.11657,78.743,0.62497,29.859,1.32475,0.84323,2515.755,19548.587,161.242,144.408,0.68001,5624.544
2024-08-28,8357.707,1.3465,18777.199,1.11356,77.703,0.62873,29.456,1.32068,0.84055,2516.475,19210.321,160.936,144.525,0.67965,5572.011
2024-08-29,8417.404,1.34864,18868.555,1.10737,79.043,0.62645,29.329,1.31635,0.84767,2513.425,19395.797,160.337,144.792,0.68053,5604.32
2024-08-30,8403.381,1.34923,18942.299,1.10456,77.0,0.62484,28.844,1.31231,0.84952,2502.925,19544.219,161.477,146.113,0.67638,5640.823
2024-08-31,,,,,,,,,,,,,,,
2024-09-01,8388.704,1.34963,18914.099,1.10484,76.303,0.62372,28.438,1.31275,0.84975,2496.165,19539.031,161.25,145.948,0.67639,5639.373
2024-09-02,8362.299,1.35218,18927.066,1.10579,77.228,0.61988,28.421,1.31286,0.85244,2494.665,19512.053,162.045,146.54,0.67443,5639.19
2024-09-03,8230.499,1.35374,18565.299,1.1054,73.303,0.61779,27.998,1.31113,0.84867,2494.945,18833.298,160.626,145.31,0.66992,5501.961
2024-09-04,8246.899,1.35098,18544.588,1.10769,72.793,0.61986,28.206,1.31468,0.84675,2494.718,18860.375,159.243,143.76,0.67227,5509.707
2024-09-05,8237.599,1.34974,18575.099,1.11151,72.677,0.62142,28.779,1.31766,0.84292,2518.155,18835.864,158.98,143.03,0.67289,5494.279
2024-09-06,8170.243,1.35705,18261.288,1.10825,71.49,0.61711,27.893,1.3126,0.84248,2497.035,18410.132,157.726,142.251,0.66689,5406.561
2024-09-07,,,,,,,,,,,,,,,
2024-09-08,8215.195,1.3556,18324.566,1.10799,71.907,0.61722,28.073,1.313,0.84536,2499.128,18505.587,158.173,142.757,0.66808,5426.12
2024-09-09,8235.099,1.35645,18438.699,1.10384,71.742,0.61424,28.277,1.30725,0.84897,2502.395,18621.621,158.109,143.235,0.66581,5468.394
2024-09-10,8203.716,1.36053,18280.066,1.10385,69.572,0.61408,28.453,1.3094,0.84434,2519.288,18723.52,156.075,141.396,0.66511,5470.751
2024-09-11,8278.51,1.35727,18495.066,1.10136,71.047,0.61441,28.698,1.30427,0.85294,2515.715,19281.243,157.051,142.59,0.66873,5561.261
2024-09-12,8241.289,1.35708,18586.088,1.10869,72.282,0.6181,29.932,1.31486,0.84919,2567.805,19432.886,156.305,140.976,0.6727,5600.629
2024-09-13,8282.597,1.35834,18683.799,1.10732,72.055,0.61562,30.691,1.31191,0.84796,2577.615,19495.865,155.942,140.78,0.67022,5623.877
2024-09-14,,,,,,,,,,,,,,,
2024-09-15,8273.508,1.35673,18722.697,1.1104,71.622,0.61782,30.979,1.31597,0.84576,2586.225,19510.297,155.587,140.12,0.67267,5627.511
2024-09-16,8320.298,1.35936,18688.055,1.11239,73.037,0.61894,30.788,1.32021,0.84432,2577.058,19399.689,156.398,140.597,0.67466,5627.117
2024-09-17,8291.301,1.35888,18698.088,1.11262,73.387,0.62018,30.462,1.31643,0.84528,2575.785,19439.91,157.311,141.391,0.6762,5637.946
2024-09-18,8326.583,1.35994,18889.077,1.11185,73.672,0.62204,30.355,1.32105,0.84852,2563.978,19623.599,159.184,143.164,0.67927,5674.341
2024-09-19,8290.401,1.35583,18936.599,1.11656,74.697,0.62436,31.036,1.32938,0.84617,2591.305,19810.887,158.875,142.289,0.68211,5710.126
2024-09-20,8204.752,1.3568,18733.755,1.11626,74.67,0.62365,31.149,1.33165,0.84972,2621.504,19775.732,160.624,143.808,0.68057,5696.127
2024-09-21,,,,,,,,,,,,,,,
2024-09-22,8251.707,1.35628,18799.055,1.11615,74.982,0.62373,31.051,1.33089,0.85083,2628.358,19913.398,161.077,144.315,0.68249,5719.37
2024-09-23,8260.213,1.35179,18855.177,1.11126,74.527,0.6266,31.07,1.33526,0.84703,2633.965,19825.821,159.767,143.772,0.68467,5710.822
2024-09-24,8236.71,1.34275,18924.288,1.1198,74.927,0.63353,31.955,1.34229,0.84192,2661.385,19900.708,160.463,143.298,0.68891,5726.184
2024-09-25,8292.383,1.347,19005.399,1.11405,73.553,0.62684,31.886,1.33385,0.85006,2662.398,20140.198,161.454,144.929,0.68456,5748.05
2024-09-26,8284.692,1.34866,19259.588,1.1169,70.873,0.63067,31.939,1.33927,0.84707,2673.555,20101.343,162.232,145.251,0.68792,5746.076
2024-09-27,8298.478,1.35142,19395.755,1.11619,71.94,0.63401,31.532,1.33714,0.84016,2657.955,19987.72,158.751,142.15,0.69009,5732.629
2024-09-28,,,,,,,,,,,,,,,
2024-09-29,8322.907,1.35116,19475.577,1.11581,71.838,0.6368,31.494,1.33842,0.84196,2653.388,20001.142,158.947,142.45,0.69288,5738.614
2024-09-30,8264.177,1.35284,19399.199,1.11377,71.848,0.63214,31.319,1.33703,0.84634,2637.845,20072.809,160.691,144.276,0.69142,5759.822
2024-10-01,8300.904,1.34799,19262.599,1.10706,74.523,0.63066,31.31,1.32855,0.84661,2655.238,19776.843,159.563,144.132,0.69057,5707.564
2024-10-02,8251.094,1.35206,19064.588,1.10357,74.778,0.62429,31.637,1.32503,0.84989,2655.878,19745.397,162.059,146.85,0.68641,5699.833
2024-10-03,8277.213,1.35557,19015.599,1.1027,77.493,0.62106,32.103,1.31281,0.85156,2660.985,19815.599,161.409,146.374,0.68469,5703.079
2024-10-04,8312.999,1.35735,19196.766,1.09739,78.065,0.61568,32.165,1.3111,0.85788,2653.545,20023.887,163.199,148.631,0.67922,5750.532
2024-10-05,,,,,,,,,,,,,,,
2024-10-06,8306.177,1.35783,19181.055,1.09719,77.698,0.61654,32.092,1.3129,0.85762,2647.255,20022.897,162.829,148.404,0.68069,5746.582
2024-10-07,8251.975,1.3623,18939.077,1.09832,79.663,0.61244,31.385,1.30922,0.85383,2642.805,19794.81,162.456,147.914,0.67323,5695.557
2024-10-08,8196.012,1.36618,19054.566,1.09678,77.448,0.6087,30.56,1.30849,0.8578,2617.085,20044.732,162.671,148.319,0.67292,5741.142
2024-10-09,8261.91,1.37055,19278.055,1.09435,77.123,0.60873,30.479,1.30755,0.86042,2611.615,20279.019,163.3,149.221,0.67322,5791.89
2024-10-10,8259.704,1.37531,19249.066,1.09395,79.123,0.61033,31.28,1.30542,0.85682,2645.364,20272.408,162.688,148.711,0.67473,5787.87
2024-10-11,8258.716,1.37567,19385.266,1.09353,78.835,0.61088,31.425,1.30682,0.857,2656.835,20243.498,163.086,149.091,0.67485,5810.377
2024-10-12,,,,,,,,,,,,,,,
2024-10-13,8243.91,1.37754,19367.099,1.09256,78.103,0.60916,31.267,1.30591,0.85832,2655.445,20230.809,163.147,149.327,0.67386,5810.177
2024-10-14,8322.601,1.38039,19574.577,1.08964,75.168,0.60884,31.127,1.30538,0.86331,2645.555,20455.831,163.127,149.708,0.6717,5867.512
2024-10-15,8250.58,1.37753,19481.888,1.08909,74.433,0.60651,31.59,1.30708,0.86198,2667.025,20212.931,162.458,149.171,0.66923,5822.027
2024-10-16,8351.416,1.37625,19451.566,1.0853,74.398,0.60595,31.541,1.29866,0.86604,2676.614,20123.421,162.307,149.553,0.66861,5829.071
2024-10-17,8351.141,1.37932,19513.066,1.08385,74.533,0.60606,31.983,1.30205,0.86568,2709.885,20197.397,162.456,149.889,0.67044,5841.62
2024-10-18,8366.874,1.37921,19641.688,1.08655,73.135,0.60697,33.691,1.30467,0.86467,2721.105,20331.987,162.474,149.503,0.6705,5865.079
2024-10-19,,,,,,,,,,,,,,,
2024-10-20,8368.485,1.38057,19628.988,1.08662,73.378,0.60812,34.047,1.30497,0.8646,2731.425,20319.275,162.151,149.223,0.67161,5865.614
2024-10-21,8303.669,1.38286,19528.088,1.0819,74.058,0.60498,34.047,1.29946,0.865,2730.868,20308.108,163.282,150.922,0.66839,5843.864
2024-10-22,8297.82,1.38182,19446.255,1.08021,75.878,0.60421,34.637,1.29848,0.86663,2745.955,20354.299,163.923,151.749,0.66799,5845.837
2024-10-23,8281.722,1.38256,19376.866,1.07868,75.793,0.60118,33.876,1.2925,0.8662,2722.805,20173.709,164.388,152.398,0.66452,5809.72
2024-10-24,8273.965,1.38544,19416.366,1.08217,74.508,0.59928,33.425,1.29628,0.86581,2725.885,20231.019,164.324,151.846,0.66224,5809.867
2024-10-25,8235.207,1.38904,19411.188,1.07945,75.935,0.59755,33.69,1.29585,0.86637,2746.625,20330.597,164.417,152.244,0.6601,5805.326
2024-10-26,,,,,,,,,,,,,,,
2024-10-27,8254.458,1.3898,19518.477,1.07876,72.663,0.59643,33.311,1.29464,0.86968,2732.795,20512.143,165.745,153.643,0.65899,5842.62
2024-10-28,8293.013,1.38982,19528.988,1.08086,71.013,0.59709,33.937,1.29613,0.86515,2754.635,20350.519,165.29,152.925,0.65643,5821.263
2024-10-29,8179.802,1.39198,19413.399,1.08165,71.108,0.59575,34.192,1.29981,0.86745,2780.015,20580.264,165.876,153.355,0.65423,5842.219
2024-10-30,8137.812,1.39192,19179.566,1.08478,72.608,0.59732,33.542,1.29497,0.86565,2784.315,20270.486,165.886,152.917,0.65684,5791.101
2024-10-31,8118.37,1.39274,19070.588,1.0877,74.203,0.59817,32.771,1.28975,0.86413,2752.095,19956.064,165.864,152.482,0.65757,5716.22
2024-11-01,8165.586,1.39517,19225.766,1.08327,72.883,0.59612,32.673,1.29178,0.86957,2735.895,20054.798,165.737,152.946,0.6558,5734.064
2024-11-02,,,,,,,,,,,,,,,
2024-11-03,8170.577,1.39005,19260.588,1.08974,74.217,0.60071,32.699,1.2989,0.86506,2740.905,20114.153,165.441,151.818,0.66088,5743.864
2024-11-04,8175.386,1.3901,19141.566,1.08752,75.113,0.59776,32.446,1.29558,0.86429,2734.315,19967.353,165.804,152.464,0.65932,5713.757
2024-11-05,8185.113,1.39036,19197.588,1.07775,74.528,0.59359,32.323,1.29117,0.8715,2741.615,20478.465,165.5,153.556,0.65426,5857.793
2024-11-06,8161.621,1.38944,19054.099,1.07377,75.313,0.59806,30.953,1.29202,0.87566,2654.455,20796.775,165.542,154.171,0.66208,5936.417
2024-11-07,8156.874,1.38827,19405.577,1.07828,75.117,0.60115,31.711,1.29672,0.8728,2693.424,21108.176,164.694,152.734,0.66536,5974.177
2024-11-08,8086.686,1.38964,19240.766,1.07182,73.96,0.59794,31.288,1.29147,0.87518,2684.035,21121.753,163.59,152.608,0.65811,5998.814
2024-11-09,,,,,,,,,,,,,,,
2024-11-10,8082.832,1.39219,19258.555,1.07138,73.506,0.59733,31.208,1.29122,0.87713,2671.985,21178.032,164.532,153.57,0.65924,6008.614
2024-11-11,8102.052,1.39428,19357.566,1.0644,71.723,0.5958,30.567,1.2844,0.881,2617.625,21114.564,163.384,153.5,0.65542,5998.617
2024-11-12,8045.799,1.39525,19054.566,1.06177,72.058,0.59285,30.946,1.27449,0.88257,2606.065,21030.664,164.415,154.847,0.65354,5976.482
2024-11-13,8036.457,1.4013,18985.088,1.05484,72.033,0.58585,30.2,1.26828,0.88734,2565.025,21027.587,164.61,156.053,0.64697,5983.557
2024-11-14,8052.299,1.40613,19208.077,1.05425,71.928,0.58596,30.504,1.2677,0.88919,2566.925,20813.51,164.834,156.354,0.64651,5934.17
2024-11-15,8079.213,1.40885,19233.766,1.05394,70.99,0.58642,30.235,1.26133,0.88695,2562.715,20402.243,163.238,154.248,0.64572,5874.311
2024-11-16,,,,,,,,,,,,,,,
2024-11-17,8087.374,1.40778,19286.088,1.05407,71.328,0.58601,30.696,1.26332,0.88749,2592.115,20554.121,163.005,154.645,0.64715,5887.427
2024-11-18,8140.41,1.40206,19222.088,1.0587,73.438,0.58867,31.308,1.2674,0.88366,2622.805,20585.953,163.482,154.419,0.65071,5905.743
2024-11-19,8098.413,1.39569,19111.066,1.05929,73.228,0.59081,31.18,1.26868,0.88338,2636.515,20711.908,164.244,155.051,0.6527,5924.809
2024-11-20,8100.298,1.39645,19051.099,1.05512,72.923,0.58776,31.125,1.26544,0.88278,2656.908,20592.609,163.604,155.055,0.65162,5901.841
2024-11-21,8189.789,1.39744,19194.077,1.04747,74.328,0.58376,30.946,1.25847,0.8861,2688.625,20727.709,161.747,154.421,0.65052,5948.57
2024-11-22,8272.011,1.39744,19348.888,1.04193,75.055,0.58334,31.327,1.25215,0.89363,2715.805,20775.898,161.248,154.73,0.64968,5967.627
2024-11-23,,,,,,,,,,,,,,,
2024-11-24,8286.789,1.39464,19419.666,1.04791,74.768,0.58542,30.781,1.25948,0.89059,2672.305,20888.999,161.477,154.095,0.65241,5993.876
2024-11-25,8259.992,1.41013,19284.666,1.04797,73.248,0.58407,30.336,1.25519,0.88699,2626.275,20828.509,161.215,153.838,0.64926,5988.692
2024-11-26,8262.298,1.40719,19289.699,1.04786,72.303,0.58626,30.464,1.25722,0.88575,2638.895,20891.653,159.598,152.31,0.64751,6017.911
2024-11-27,8285.483,1.40236,19332.666,1.05546,72.023,0.58929,29.871,1.26665,0.88345,2631.104,20792.354,160.034,151.623,0.64906,6005.629
2024-11-28,8294.992,1.39872,19427.188,1.05699,72.823,0.59119,30.692,1.27092,0.88136,2659.785,20872.709,158.555,150.008,0.65162,6020.22
2024-11-29,8279.498,1.39887,19641.166,1.05748,72.323,0.59195,30.614,1.27257,0.88024,2649.945,20928.308,158.231,149.724,0.65068,6034.487
2024-11-30,,,,,,,,,,,,,,,
2024-12-01,8290.599,1.40327,19613.488,1.05233,72.178,0.58947,30.159,1.26909,0.88477,2628.445,20899.043,158.452,150.575,0.64948,6023.682
2024-12-02,8320.899,1.40522,19923.455,1.04853,71.953,0.58746,30.569,1.26442,0.88851,2639.695,21166.065,157.429,150.144,0.64695,6050.083
2024-12-03,8341.291,1.40635,20032.499,1.05107,73.803,0.58552,31.028,1.26791,0.88621,2648.295,21298.599,157.625,149.967,0.64369,6057.489
2024-12-04,8318.715,1.40727,20202.566,1.05182,72.308,0.58646,31.2,1.27025,0.88419,2646.154,21457.821,158.177,150.387,0.64319,6080.903
2024-12-05,8332.992,1.40337,20315.588,1.05752,72.058,0.58602,31.398,1.27477,0.87868,2642.095,21425.532,158.601,149.977,0.64292,6073.767
2024-12-06,8301.169,1.4153,20373.899,1.05673,71.025,0.58247,30.964,1.27369,0.87812,2632.664,21599.153,158.543,149.989,0.63868,6087.514
2024-12-07,,,,,,,,,,,,,,,
2024-12-08,8306.501,1.41659,20383.699,1.05346,71.383,0.58079,30.901,1.27184,0.88016,2635.845,21595.199,157.906,149.891,0.63812,6082.964
2024-12-09,8314.798,1.41826,20285.955,1.05575,71.763,0.58263,31.952,1.27477,0.87777,2670.165,21428.853,159.551,151.126,0.6384,6050.097
2024-12-10,8246.31,1.4165,20295.955,1.05245,72.543,0.57926,31.58,1.2767,0.88349,2684.435,21390.175,159.492,151.543,0.63731,6039.814
2024-12-11,8313.686,1.41463,20392.099,1.05089,73.633,0.58063,32.056,1.27657,0.88396,2712.485,21726.021,159.932,152.189,0.64157,6076.244
2024-12-12,8293.207,1.42358,20411.466,1.04634,73.468,0.57672,30.932,1.26633,0.89275,2687.275,21693.22,160.042,152.951,0.63667,6058.051
2024-12-13,8299.177,1.42293,20411.188,1.05017,74.295,0.57579,30.525,1.26143,0.89201,2647.385,21748.442,161.353,153.683,0.6357,6044.426
2024-12-14,,,,,,,,,,,,,,,
2024-12-15,8289.974,1.42231,20411.099,1.05159,74.173,0.57797,30.424,1.26353,0.89086,2652.618,21780.453,161.671,153.741,0.63758,6051.426
2024-12-16,8236.877,1.4259,20292.966,1.05081,73.833,0.57678,30.413,1.26786,0.89514,2651.565,22095.71,161.888,154.061,0.63551,6070.026
2024-12-17,8194.895,1.43256,20208.455,1.0503,73.223,0.5735,30.38,1.27018,0.89226,2644.925,22012.798,161.16,153.44,0.63127,6056.696
2024-12-18,8103.813,1.44357,20000.088,1.03789,72.988,0.56292,29.423,1.25852,0.90035,2609.075,21186.543,161.187,155.303,0.62247,5876.156
2024-12-19,8088.392,1.44224,19835.577,1.03587,72.413,0.56232,28.968,1.24818,0.89824,2597.804,20973.631,162.938,157.296,0.62246,5848.664
2024-12-20,8070.741,1.43735,19871.266,1.04254,72.955,0.56468,29.488,1.25636,0.893,2622.435,21295.91,163.119,156.407,0.62476,5934.561
2024-12-21,,,,,,,,,,,,,,,
2024-12-22,8095.898,1.43536,19907.066,1.04429,73.238,0.56576,29.643,1.25809,0.89315,2625.335,21434.821,163.491,156.577,0.62581,5962.327
2024-12-23,8134.387,1.43805,19884.488,1.03963,72.598,0.56444,29.743,1.25387,0.89898,2619.938,21490.654,163.159,157.011,0.62391,5971.25
2024-12-24,8142.304,1.43541,20021.466,1.04058,73.193,0.56308,29.61,1.25361,0.8998,2616.348,21799.586,163.605,157.308,0.62299,6036.62
2024-12-25,8138.395,1.43636,20000.988,1.03977,73.283,0.5649,29.628,1.25376,0.89998,2627.098,21840.676,163.685,157.426,0.62385,6039.129
2024-12-26,8134.991,1.44089,19898.966,1.0409,72.813,0.56156,29.789,1.25225,0.89937,2633.455,21717.742,164.073,157.57,0.62092,6028.126
2024-12-27,8132.08,1.44081,19952.999,1.04225,73.41,0.56232,29.354,1.25714,0.90186,2621.348,21502.808,164.545,157.764,0.62146,5976.064
2024-12-28,,,,,,,,,,,,,,,
2024-12-29,8133.258,1.43991,19960.399,1.04253,73.853,0.56555,29.432,1.25809,0.90173,2621.975,21468.009,164.535,157.789,0.62397,5963.614
2024-12-30,8104.283,1.435,19823.466,1.04041,74.598,0.56286,28.868,1.25448,0.90297,2606.455,21194.976,162.568,156.229,0.62157,5903.139
2024-12-31,8148.404,1.43814,19810.499,1.03531,74.663,0.55934,28.887,1.25116,0.90749,2624.155,21035.775,162.773,157.197,0.61871,5887.323

