decision,train_rows,rank_correlation,winner_minus_loser,quartile,rolling20_rank,rolling20_spread
2024-07-30 05:00:00+00:00,100,1.0,0.0670137692755454,1,,
2024-08-06 05:00:00+00:00,104,-0.39999999999999997,-0.0236219486634776,1,,
2024-08-13 05:00:00+00:00,108,-0.39999999999999997,-0.0023298783644718993,1,,
2024-08-20 05:00:00+00:00,112,0.7999999999999999,0.003470973959787099,1,,
2024-08-27 05:00:00+00:00,116,0.7378647873726218,0.0006955128985660988,1,,
2024-09-03 05:00:00+00:00,120,-0.316227766016838,-0.0226569127839793,1,,
2024-09-10 05:00:00+00:00,124,-0.39999999999999997,-0.0070583171631471,1,,
2024-09-17 05:00:00+00:00,128,-0.39999999999999997,-0.0256891336876751,1,,
2024-09-24 05:00:00+00:00,132,-0.39999999999999997,-0.0017569856311263998,1,,
2024-10-01 05:00:00+00:00,136,-0.19999999999999998,-0.0054875715029688,1,,
2024-10-08 05:00:00+00:00,140,0.7378647873726218,0.0013717985362424,1,,
2024-10-15 05:00:00+00:00,144,0.6000000000000001,0.0017752307351565008,1,,
2024-10-22 05:00:00+00:00,148,0.0,-0.016776056947361,1,,
2024-10-29 05:00:00+00:00,152,-0.39999999999999997,-0.0076776649768807,1,,
2024-11-05 05:00:00+00:00,156,-0.316227766016838,-0.002443129898341799,1,,
2024-11-12 05:00:00+00:00,160,0.2581988897471611,-0.0009566057356257,1,,
2024-11-19 05:00:00+00:00,164,-0.39999999999999997,-0.0184698569057761,1,,
2024-11-26 05:00:00+00:00,168,-0.4472135954999579,-1.0846222353999915e-05,1,,
2024-12-03 05:00:00+00:00,172,0.2581988897471611,-0.0005087989273865022,1,,
2024-12-10 05:00:00+00:00,176,0.2581988897471611,0.0014440676468685998,2,-0.258113883008419,-0.002983617717920295
2024-12-17 05:00:00+00:00,180,0.2581988897471611,0.0057059983272294,2,-0.258113883008419,-0.006049006265336096
2024-12-25 05:00:00+00:00,184,-0.316227766016838,-0.0104517704228925,2,-0.258113883008419,-0.0053904973533068406
2025-01-02 05:00:00+00:00,188,-0.316227766016838,-0.0012291206739902995,2,-0.258113883008419,-0.00533545946878276
2025-01-09 05:00:00+00:00,192,-0.9486832980505139,-0.0233951215537712,2,-0.316227766016838,-0.006678764244460675
2025-01-16 05:00:00+00:00,196,0.316227766016838,0.0158164815644916,2,-0.316227766016838,-0.0059227158111644
2025-01-23 05:00:00+00:00,200,-0.19999999999999998,-0.005177226706411801,2,-0.258113883008419,-0.005048731507286025
2025-01-30 05:00:00+00:00,204,-1.0,-0.0193144635777389,2,-0.258113883008419,-0.005661538828015615
2025-02-06 05:00:00+00:00,208,-0.39999999999999997,-0.0160507780969756,2,-0.258113883008419,-0.00517962104848064
2025-02-13 05:00:00+00:00,212,-0.39999999999999997,-0.0119065869957807,2,-0.258113883008419,-0.005687101116713355
2025-02-20 05:00:00+00:00,216,-0.6000000000000001,-0.004798442321910399,2,-0.316227766016838,-0.005652644657660435
2025-02-27 05:00:00+00:00,220,-0.39999999999999997,-0.0139952901328253,2,-0.316227766016838,-0.00642099909111382
2025-03-06 05:00:00+00:00,224,-0.39999999999999997,-0.013726068622097999,2,-0.35811388300841895,-0.0071960640589765435
2025-03-13 05:00:00+00:00,228,-0.19999999999999998,-0.007766792653888358,2,-0.35811388300841895,-0.006745600844302912
2025-03-20 05:00:00+00:00,232,0.7999999999999999,0.0058041232160068006,2,-0.316227766016838,-0.006071511434658537
2025-03-27 05:00:00+00:00,236,0.19999999999999998,0.008664328981189299,2,-0.316227766016838,-0.005516138490681983
2025-04-03 05:00:00+00:00,240,-0.19999999999999998,-0.0052271756884275,2,-0.316227766016838,-0.005729666988322073
2025-04-10 05:00:00+00:00,244,0.6000000000000001,0.008322832957931299,2,-0.258113883008419,-0.004390032495136703
2025-04-17 05:00:00+00:00,248,0.39999999999999997,0.0063131235430653,3,-0.19999999999999998,-0.004073834006865737
2025-04-24 05:00:00+00:00,252,0.6000000000000001,0.0041234173814099,3,-0.19999999999999998,-0.003842223191425918
2025-05-01 05:00:00+00:00,256,0.19999999999999998,0.0013585368475717,3,-0.19999999999999998,-0.003846499731390763
2025-05-08 05:00:00+00:00,260,0.0,0.00032708405917550006,3,-0.19999999999999998,-0.004115445444793458
2025-05-15 05:00:00+00:00,264,0.7999999999999999,0.0028673911374761003,3,-0.19999999999999998,-0.003449487366775028
2025-05-22 05:00:00+00:00,268,0.10540925533894598,-0.0019021398865913001,3,-0.09999999999999999,-0.003483138327405078
2025-05-29 05:00:00+00:00,272,0.0,-0.0006599011854202998,3,0.0,-0.002346377308987533
2025-06-05 05:00:00+00:00,276,0.0,0.0010688199464039005,3,0.0,-0.003083760389891918
2025-06-12 05:00:00+00:00,280,-0.7999999999999999,-0.005571789888538599,3,0.0,-0.003103488548998257
2025-06-19 05:00:00+00:00,284,1.0,0.013587514099488503,3,0.0,-0.0014583896651368877
2025-06-26 05:00:00+00:00,288,0.39999999999999997,0.0006204795380127998,3,0.05270462766947299,-0.0006248267833874677
2025-07-03 05:00:00+00:00,292,0.19999999999999998,0.0075574062392275996,3,0.152704627669473,0.0003483728783629473
2025-07-10 05:00:00+00:00,296,-0.7999999999999999,-0.005914506887965701,3,0.152704627669473,0.00029256965006018223
2025-07-17 05:00:00+00:00,300,0.39999999999999997,0.002905604097205399,3,0.19999999999999998,0.001137614361561717
2025-07-24 05:00:00+00:00,304,0.39999999999999997,0.0038756545429734987,3,0.19999999999999998,0.002017700519815292
2025-07-31 05:00:00+00:00,308,0.39999999999999997,0.0057760928170154,3,0.3,0.00269484479336048
2025-08-07 05:00:00+00:00,312,-0.7999999999999999,-0.0109739832262758,3,0.19999999999999998,0.0018559394712463497
2025-08-14 05:00:00+00:00,316,-0.7999999999999999,-0.0076886049075,3,0.19999999999999998,0.001038292776811885
2025-08-21 05:00:00+00:00,320,0.316227766016838,0.0013149562408838996,4,0.258113883008419,0.001365399373277455
2025-08-28 05:00:00+00:00,324,0.6000000000000001,0.0026861714494567,4,0.258113883008419,0.001083566297853725
2025-09-04 05:00:00+00:00,328,-0.7999999999999999,-0.013394106396100601,4,0.19999999999999998,9.820480089542993e-05
2025-09-11 05:00:00+00:00,332,0.39999999999999997,0.0011063526683113,4,0.19999999999999998,-5.2648434759500077e-05
2025-09-18 05:00:00+00:00,336,-0.316227766016838,-0.0017418582437351005,4,0.152704627669473,-0.00020766818932484008
2025-09-25 05:00:00+00:00,340,0.7999999999999999,0.012734712059042499,4,0.258113883008419,0.00041271321066850986
2025-10-02 05:00:00+00:00,344,0.7999999999999999,0.0073296404881322995,4,0.258113883008419,0.0006358256782013199
2025-10-09 05:00:00+00:00,348,0.7999999999999999,0.027354683658201602,4,0.35811388300841895,0.002098666855440965
2025-10-16 05:00:00+00:00,352,-0.39999999999999997,-0.0083520079635504,4,0.35811388300841895,0.00171406151653446
2025-10-23 05:00:00+00:00,356,-0.39999999999999997,-0.0167753141714206,4,0.35811388300841895,0.0008218548106432348
2025-10-30 05:00:00+00:00,360,0.7999999999999999,0.017290676581476698,4,0.39999999999999997,0.0019649781341439998
2025-11-06 05:00:00+00:00,364,-0.21081851067789195,0.0029040102492562,4,0.35811388300841895,0.0014308029416323848
2025-11-13 05:00:00+00:00,368,-0.7999999999999999,-0.010455169608710698,4,0.258113883008419,0.0008770204842962097
2025-11-20 05:00:00+00:00,372,0.7999999999999999,0.0069056552349363995,4,0.35811388300841895,0.0008444329340816497
2025-11-27 05:00:00+00:00,376,-0.21081851067789195,-0.0048046147013995006,4,0.35811388300841895,0.0008999275434099597
2025-12-04 05:00:00+00:00,380,0.0,0.0030755035212571002,4,0.158113883008419,0.0009084225146125448
2025-12-11 05:00:00+00:00,384,-0.7999999999999999,-0.0013682922480115,4,-0.10540925533894598,0.0006462251750632949
2025-12-18 05:00:00+00:00,388,0.0,-0.0045142615576793995,4,-0.10540925533894598,0.0001317074563285549
