event_id,release_timestamp_utc,window_start,window_end,asset,start_quote,end_quote,start_price,end_price,gross_log_return,pre_event_vol,weight,cost_1x
FOMC_2024_01_31,2024-01-31 19:00:00+00:00,2024-01-30 16:00:00+00:00,2024-01-31 16:00:00+00:00,SPXUSD,2024-01-30 16:00:00+00:00,2024-01-31 16:00:00+00:00,4914.229,4849.177,-0.01332587473112782,0.0003646159305611309,0.28583935019464,2.3266262129391205e-05
FOMC_2024_01_31,2024-01-31 19:00:00+00:00,2024-01-30 16:00:00+00:00,2024-01-31 16:00:00+00:00,NSXUSD,2024-01-30 16:00:00+00:00,2024-01-31 16:00:00+00:00,17418.521,17150.686,-0.015495892596950922,0.0005221924163681225,0.19958463086667283,4.583273881098696e-06
FOMC_2024_01_31,2024-01-31 19:00:00+00:00,2024-01-30 16:00:00+00:00,2024-01-31 16:00:00+00:00,GRXEUR,2024-01-30 16:00:00+00:00,2024-01-31 16:00:00+00:00,16941.499,16820.788,-0.007150671656229308,0.00042105002667793787,0.24752778543801632,5.844294780243858e-06
FOMC_2024_01_31,2024-01-31 19:00:00+00:00,2024-01-30 16:00:00+00:00,2024-01-31 16:00:00+00:00,UKXGBP,2024-01-30 16:00:00+00:00,2024-01-31 16:00:00+00:00,7662.332,7619.352,-0.0056250493503335434,0.0003902724960805474,0.2670482335006708,1.3940833339023723e-05
FOMC_2024_03_20,2024-03-20 18:00:00+00:00,2024-03-19 15:00:00+00:00,2024-03-20 15:00:00+00:00,SPXUSD,2024-03-19 15:00:00+00:00,2024-03-20 15:00:00+00:00,5179.217,5227.089,0.009200640016481918,0.00040835610121343164,0.24817033051715298,1.916662928138775e-05
FOMC_2024_03_20,2024-03-20 18:00:00+00:00,2024-03-19 15:00:00+00:00,2024-03-20 15:00:00+00:00,NSXUSD,2024-03-19 15:00:00+00:00,2024-03-20 15:00:00+00:00,18031.22,18269.498,0.013128193345775228,0.0005840851924748244,0.17350528640768684,3.84899715954188e-06
FOMC_2024_03_20,2024-03-20 18:00:00+00:00,2024-03-19 15:00:00+00:00,2024-03-20 15:00:00+00:00,GRXEUR,2024-03-19 15:00:00+00:00,2024-03-20 15:00:00+00:00,17995.277,18142.288,0.00813623225519815,0.00034536939027243323,0.29343037183142695,6.522386331289638e-06
FOMC_2024_03_20,2024-03-20 18:00:00+00:00,2024-03-19 15:00:00+00:00,2024-03-20 15:00:00+00:00,UKXGBP,2024-03-19 15:00:00+00:00,2024-03-20 15:00:00+00:00,7736.386,7774.282,0.004886453040561724,0.00035571779190589256,0.2848940112437332,1.473008256018938e-05
FOMC_2024_05_01,2024-05-01 18:00:00+00:00,2024-04-30 15:00:00+00:00,2024-05-01 15:00:00+00:00,SPXUSD,2024-04-30 15:00:00+00:00,2024-05-01 15:00:00+00:00,5065.874,5080.467,0.002876506922491017,0.0005721971139653562,0.25130126424319554,1.9842677827612416e-05
FOMC_2024_05_01,2024-05-01 18:00:00+00:00,2024-04-30 15:00:00+00:00,2024-05-01 15:00:00+00:00,NSXUSD,2024-04-30 15:00:00+00:00,2024-05-01 15:00:00+00:00,17573.721,17612.909,0.002227437876405679,0.0007127811231439461,0.20173634439356875,4.591773009109881e-06
FOMC_2024_05_01,2024-05-01 18:00:00+00:00,2024-04-30 15:00:00+00:00,2024-05-01 15:00:00+00:00,GRXEUR,2024-04-30 15:00:00+00:00,2024-05-01 15:00:00+00:00,17928.699,17975.177,0.0025890255393061015,0.000548549143200723,0.26213486962495414,5.848385755708301e-06
FOMC_2024_05_01,2024-05-01 18:00:00+00:00,2024-04-30 15:00:00+00:00,2024-05-01 15:00:00+00:00,UKXGBP,2024-04-30 15:00:00+00:00,2024-05-01 15:00:00+00:00,8149.827,8137.207,-0.0015496992915528863,0.0005048453789094481,0.28482752173828163,1.3979561614659139e-05
FOMC_2024_06_12,2024-06-12 18:00:00+00:00,2024-06-11 15:00:00+00:00,2024-06-12 15:00:00+00:00,SPXUSD,2024-06-11 15:00:00+00:00,2024-06-12 15:00:00+00:00,5370.804,5435.477,0.011969663227372262,0.00038824024793876824,0.27026036646512314,2.0128112399195587e-05
FOMC_2024_06_12,2024-06-12 18:00:00+00:00,2024-06-11 15:00:00+00:00,2024-06-12 15:00:00+00:00,NSXUSD,2024-06-11 15:00:00+00:00,2024-06-12 15:00:00+00:00,19185.853,19499.342,0.016207536880981952,0.0005050167571137779,0.2077672675340602,4.331676418745837e-06
FOMC_2024_06_12,2024-06-12 18:00:00+00:00,2024-06-11 15:00:00+00:00,2024-06-12 15:00:00+00:00,GRXEUR,2024-06-11 15:00:00+00:00,2024-06-12 15:00:00+00:00,18415.199,18631.688,0.011687430811089639,0.00042382957139986397,0.2475663775368069,5.377435835188246e-06
FOMC_2024_06_12,2024-06-12 18:00:00+00:00,2024-06-11 15:00:00+00:00,2024-06-12 15:00:00+00:00,UKXGBP,2024-06-11 15:00:00+00:00,2024-06-12 15:00:00+00:00,8151.686,8216.386,0.007905675998647797,0.00038237486095608127,0.27440598846400976,1.3464993056111818e-05
FOMC_2024_07_31,2024-07-31 18:00:00+00:00,2024-07-30 15:00:00+00:00,2024-07-31 15:00:00+00:00,SPXUSD,2024-07-30 15:00:00+00:00,2024-07-31 15:00:00+00:00,5427.293,5540.207,0.020591381745498114,0.0005013230695024392,0.26126943586523416,1.9255966896589823e-05
FOMC_2024_07_31,2024-07-31 18:00:00+00:00,2024-07-30 15:00:00+00:00,2024-07-31 15:00:00+00:00,NSXUSD,2024-07-30 15:00:00+00:00,2024-07-31 15:00:00+00:00,18791.097,19375.919,0.030647812533248768,0.0007672671548792396,0.1707102861398321,3.6338546097618905e-06
FOMC_2024_07_31,2024-07-31 18:00:00+00:00,2024-07-30 15:00:00+00:00,2024-07-31 15:00:00+00:00,GRXEUR,2024-07-30 15:00:00+00:00,2024-07-31 15:00:00+00:00,18418.966,18557.966,0.0075182362200453285,0.00048357264390384944,0.2708598122874238,5.8821936538114855e-06
FOMC_2024_07_31,2024-07-31 18:00:00+00:00,2024-07-30 15:00:00+00:00,2024-07-31 15:00:00+00:00,UKXGBP,2024-07-30 15:00:00+00:00,2024-07-31 15:00:00+00:00,8273.484,8400.708,0.015260285949116936,0.0004407732880727536,0.29716046570750987,1.4366884166694943e-05
FOMC_2024_09_18,2024-09-18 18:00:00+00:00,2024-09-17 15:00:00+00:00,2024-09-18 15:00:00+00:00,SPXUSD,2024-09-17 15:00:00+00:00,2024-09-18 15:00:00+00:00,5623.357,5633.436,0.0017907414115913472,0.0005220985183173333,0.25764808241317017,1.8326994527515873e-05
FOMC_2024_09_18,2024-09-18 18:00:00+00:00,2024-09-17 15:00:00+00:00,2024-09-18 15:00:00+00:00,NSXUSD,2024-09-17 15:00:00+00:00,2024-09-18 15:00:00+00:00,19388.599,19412.999,0.0012576803262713534,0.0007612607530778044,0.17670381867363916,3.645520105369948e-06
FOMC_2024_09_18,2024-09-18 18:00:00+00:00,2024-09-17 15:00:00+00:00,2024-09-18 15:00:00+00:00,GRXEUR,2024-09-17 15:00:00+00:00,2024-09-18 15:00:00+00:00,18671.199,18759.199,0.004702069271929541,0.0005259708841882436,0.25575119482673647,5.47905241279334e-06
FOMC_2024_09_18,2024-09-18 18:00:00+00:00,2024-09-17 15:00:00+00:00,2024-09-18 15:00:00+00:00,UKXGBP,2024-09-17 15:00:00+00:00,2024-09-18 15:00:00+00:00,8285.995,8258.501,-0.0033236461611948517,0.00043407236503947437,0.30989690408645426,1.4960033361664072e-05
FOMC_2024_11_07,2024-11-07 19:00:00+00:00,2024-11-06 16:00:00+00:00,2024-11-07 16:00:00+00:00,SPXUSD,2024-11-06 16:00:00+00:00,2024-11-07 16:00:00+00:00,5929.486,5973.357,0.007371549580447735,0.0004153191500798371,0.2875755497610291,1.9399694999602267e-05
FOMC_2024_11_07,2024-11-07 19:00:00+00:00,2024-11-06 16:00:00+00:00,2024-11-07 16:00:00+00:00,NSXUSD,2024-11-06 16:00:00+00:00,2024-11-07 16:00:00+00:00,20782.275,21100.453,0.01519404949782988,0.0005800625099088132,0.20590131385885976,3.96301779009006e-06
FOMC_2024_11_07,2024-11-07 19:00:00+00:00,2024-11-06 16:00:00+00:00,2024-11-07 16:00:00+00:00,GRXEUR,2024-11-06 16:00:00+00:00,2024-11-07 16:00:00+00:00,19112.288,19431.455,0.016561665808832095,0.0005108901438831905,0.2337794814413178,4.892757611047256e-06
FOMC_2024_11_07,2024-11-07 19:00:00+00:00,2024-11-06 16:00:00+00:00,2024-11-07 16:00:00+00:00,UKXGBP,2024-11-06 16:00:00+00:00,2024-11-07 16:00:00+00:00,8181.864,8178.718,-0.00038458290038522776,0.0004379043499189568,0.2727436549387932,1.3334059570718517e-05
FOMC_2024_12_18,2024-12-18 19:00:00+00:00,2024-12-17 16:00:00+00:00,2024-12-18 16:00:00+00:00,SPXUSD,2024-12-17 16:00:00+00:00,2024-12-18 16:00:00+00:00,6043.11,5850.937,-0.03231696073517503,0.00023543709641907462,0.3403228794754769,2.2526340210618504e-05
FOMC_2024_12_18,2024-12-18 19:00:00+00:00,2024-12-17 16:00:00+00:00,2024-12-18 16:00:00+00:00,NSXUSD,2024-12-17 16:00:00+00:00,2024-12-18 16:00:00+00:00,21964.289,21067.142,-0.04170333170350471,0.0003852797710069366,0.20796480017437097,3.787325875640609e-06
FOMC_2024_12_18,2024-12-18 19:00:00+00:00,2024-12-17 16:00:00+00:00,2024-12-18 16:00:00+00:00,GRXEUR,2024-12-17 16:00:00+00:00,2024-12-18 16:00:00+00:00,20227.299,19960.788,-0.013263378621525016,0.00037829720138833313,0.21180339239791177,4.188466139703809e-06
FOMC_2024_12_18,2024-12-18 19:00:00+00:00,2024-12-17 16:00:00+00:00,2024-12-18 16:00:00+00:00,UKXGBP,2024-12-17 16:00:00+00:00,2024-12-18 16:00:00+00:00,8187.11,8087.22,-0.012275928340593488,0.00033397936155437995,0.23990892795224034,1.1721299845842567e-05
