model,cost_case,total_return,annualized_return,sharpe,max_drawdown,avg_turnover,positive_bars,bars
trend,spread2.0_slip1.0_fee0.5,3.408026260650595,3.460649778047528,37.83153390116376,-0.03409239267206987,249.88101272865563,0.5945833333333334,24000
trend,spread5.0_slip3.0_fee1.0,2.6600724322669085,2.6982613394574257,32.44095859382265,-0.06949768078633822,249.88101272865563,0.5859166666666666,24000
trend,spread10.0_slip6.0_fee2.0,1.7180711370563069,1.7399012178326632,23.62553136765744,-0.12983615895125122,249.88101272865563,0.5750416666666667,24000
breakout,spread2.0_slip1.0_fee0.5,-0.6471293769382152,-0.6500577109438006,-57.531504959331805,-0.6472606687471048,3236.1691979695574,0.24058333333333334,24000
breakout,spread5.0_slip3.0_fee1.0,-0.9682537516104444,-0.9691179622706061,-122.03122481903638,-0.9682537516104444,3236.1691979695574,0.13258333333333333,24000
breakout,spread10.0_slip6.0_fee2.0,-0.9993273553594879,-0.9993655345584354,-145.5172665817759,-0.9993273553594879,3236.1691979695574,0.09875,24000
meanrev,spread2.0_slip1.0_fee0.5,-0.8204622122650727,-0.8229120067957808,-65.15721050138706,-0.8204468765971068,2065.7581196316996,0.32016666666666665,24000
meanrev,spread5.0_slip3.0_fee1.0,-0.9614080207305524,-0.9623998974640566,-102.34291133124825,-0.9613998705505336,2065.7581196316996,0.24783333333333332,24000
meanrev,spread10.0_slip6.0_fee2.0,-0.9967037133983876,-0.9968510253468603,-124.48681859556267,-0.9967023537208848,2065.7581196316996,0.21216666666666667,24000
